{"cameraMode":{"drawMode":2,"name":"Shaded Wireframe","section":"Shading Mode"},"sceneLighting":false,"audioPlay":false,"sceneViewState":{"showFog":true,"showMaterialUpdate":false,"showSkybox":true,"showFlares":true,"showImageEffects":true,"showParticleSystems":true},"in2DMode":false,"pivot":{"x":-2.613983631134033,"y":0.9479999542236328,"z":0.11800001561641693},"rotation":{"x":0.09495628625154495,"y":0.8891777992248535,"z":-0.2150951623916626,"w":0.392530620098114},"size":8.534061431884766,"orthographic":false}