{"cameraMode":{"drawMode":0,"name":"Shaded","section":"Shading Mode"},"sceneLighting":true,"audioPlay":false,"sceneViewState":{"showFog":true,"showMaterialUpdate":false,"showSkybox":true,"showFlares":true,"showImageEffects":true,"showParticleSystems":true},"in2DMode":false,"pivot":{"x":-8.24040699005127,"y":-1.0005989074707032,"z":-4.750652313232422},"rotation":{"x":-0.07589828968048096,"y":-0.902073085308075,"z":0.38607656955718996,"w":-0.1773369163274765},"size":35.11244583129883,"orthographic":false}