{"cameraMode":{"drawMode":0,"name":"Shaded","section":"Shading Mode"},"sceneLighting":false,"audioPlay":false,"sceneViewState":{"showFog":true,"showMaterialUpdate":false,"showSkybox":true,"showFlares":true,"showImageEffects":true,"showParticleSystems":true},"in2DMode":false,"pivot":{"x":-0.7933478355407715,"y":1.285622239112854,"z":-2.5441479682922365},"rotation":{"x":0.16454389691352845,"y":0.01300084125250578,"z":-0.0021693804301321508,"w":0.98628169298172},"size":7.9351630210876469,"orthographic":false}