{"cameraMode":{"drawMode":0,"name":"Shaded","section":"Shading Mode"},"sceneLighting":false,"audioPlay":false,"sceneViewState":{"showFog":true,"showMaterialUpdate":false,"showSkybox":true,"showFlares":true,"showImageEffects":true,"showParticleSystems":true},"in2DMode":false,"pivot":{"x":-1.722866415977478,"y":3.5571401119232179,"z":-6.850042819976807},"rotation":{"x":0.050135090947151187,"y":-0.9434307813644409,"z":0.16817060112953187,"w":0.281324565410614},"size":0.40416544675827029,"orthographic":false}