{"cameraMode":{"drawMode":0,"name":"Shaded","section":"Shading Mode"},"sceneLighting":false,"audioPlay":false,"sceneViewState":{"showFog":true,"showMaterialUpdate":false,"showSkybox":true,"showFlares":true,"showImageEffects":true,"showParticleSystems":true},"in2DMode":false,"pivot":{"x":-0.009999990463256836,"y":0.09000001847743988,"z":0.0},"rotation":{"x":0.16454389691352845,"y":0.01300084125250578,"z":-0.0021693804301321508,"w":0.98628169298172},"size":2.8578836917877199,"orthographic":false}