{"cameraMode":{"drawMode":0,"name":"Shaded","section":"Shading Mode"},"sceneLighting":false,"audioPlay":false,"sceneViewState":{"showFog":true,"showMaterialUpdate":false,"showSkybox":true,"showFlares":true,"showImageEffects":true,"showParticleSystems":true},"in2DMode":false,"pivot":{"x":0.12340590357780457,"y":1.7456222772598267,"z":-1.2457184791564942},"rotation":{"x":-0.031213272362947465,"y":0.9632666110992432,"z":-0.23358407616615296,"w":-0.12876984477043153},"size":7.2365922927856449,"orthographic":false}