{"cameraMode":{"drawMode":0,"name":"Shaded","section":"Shading Mode"},"sceneLighting":false,"audioPlay":false,"sceneViewState":{"showFog":true,"showMaterialUpdate":false,"showSkybox":true,"showFlares":true,"showImageEffects":true,"showParticleSystems":true},"in2DMode":false,"pivot":{"x":5.639999866485596,"y":1.0999999046325684,"z":-3.2887091636657717},"rotation":{"x":0.050135090947151187,"y":-0.9434307813644409,"z":0.16817060112953187,"w":0.281324565410614},"size":4.0416579246521,"orthographic":false}