{"cameraMode":{"drawMode":0,"name":"Shaded","section":"Shading Mode"},"sceneLighting":false,"audioPlay":false,"sceneViewState":{"showFog":true,"showMaterialUpdate":false,"showSkybox":true,"showFlares":true,"showImageEffects":true,"showParticleSystems":true},"in2DMode":false,"pivot":{"x":-0.17672859132289887,"y":-0.07667149603366852,"z":0.9112760424613953},"rotation":{"x":0.16454389691352845,"y":0.01300084125250578,"z":-0.0021693804301321508,"w":0.98628169298172},"size":4.823827743530273,"orthographic":false}